prompt,dapt_output,similarity_score_dapt
"A manufacturing company reported $150 million in net income last year and has 25 million shares outstanding. With a current market price of $90 per share, is the stock undervalued or overvalued based on its P/E ratio compared to an industry average of 18?","Explain your reasoning. (Assume no preferred stock.) Based on this assessment, should you recommend that the investor buy, sell, or hold the stock? Why? What factors could affect the validity of the firm's PE ratio as a measure of value? Does it matter if other investors are also using the same metric? Does it matter if a manager uses the metric for his own personal decisions? Explain your reasoning.

Answer: A company with 25 million shares of common stock currently trading at $90 per share has a market cap of $2.25 billion ($90 x 25 million). Assuming no preferred stock, this means earnings of $150 million represent 7 times the market cap. The P/E ratio is therefore 1/7 = 14.29. Compared to an industry average of 18, the stock appears slightly undervalued. However, given that these ratios can be influenced by many factors, they should not be considered exPEcted returns but rather potential values for comparison purposes. In some cases, low ratios may indicate growth opportunities that can be uncovered through additional research. Therefore, I would recommend that the investor should consider holding the stock for now. Factors that could influence the validity of the firm's P/E ratio include changes in the capital structure or investment strategy. If the firm plans to take on more debt than previously announced, the interest costs will increase and reduce future earnings. As a result, the P/E ratio should decrease. If the firm makes any significant investments, this will also likely lower the P/E ratio. Lastly, if the firm makes a major acquisition, then profits will decline from one quarter to the next and the P/E ratio will drop. If the management is using the P/E ratio for their own decision making, then it is important for them to understand how each factor affects the ratio. It is also important to know that different managers use different metrics for valuation. If they use a similar metric to each other, then it is useful information for analysis; however, if they differ widely, then the resulting data is potentially misleading and cannot be used effectively for forecasting purposes. 

To determine whether a firm is over- or undervalued, we need to compare its P/E ratio to those of firms in the same industry. We can do this easily by taking the current market value of equity divided by the most recent annual earnings for the firm. This gives us the fair value of the stock. To assess the market's view of the stock, we",-0.08216288685798645
"A retail firm generates $50 million in free cash flow annually and is expected to grow at 6% per year. If the weighted average cost of capital is 10%, estimate the company’s intrinsic value using a DCF model.","Assume that the firm will remain in its current size forever. (Note: The value of an infinite-sized business can be estimated by dividing the free cash flow by the discount rate.) If the current share price is $20, what is the intrinsic book value? What would be the effect on intrinsic value if growth were zero rather than 6%? What would happen to intrinsic value if growth rates fell to 4%? Would you conclude that the firm was undervalued or overvalued based on your calculation? Why? Show all calculations. Do not write more than one paragraph; use bullet points as appropriate. What factors other than those discussed here could affect the accuracy of this valuation? How should these be considered? Do not write more than one paragraph; use bullet points as appropriate. Briefly summarize your findings from the above questions. Does it make sense for you to buy shares of this firm? Why or why not? Do not write more than one paragraph; use bullet points as appropriate. Briefly summarize the advantages and disadvantages of using a DCF model. Can we use this model to assess the value of other types of firms? If so, how? Do not write more than one paragraph; use bullet points as appropriate.
Answer: See below. Note: For brevity, the following summary does not contain full calculations but describes the key components of each question. In the event of any misalignment between this summary and the detailed calculations provided earlier, refer back to the detailed calculation for clarity.

Using the DCF model, the intrinsic value of the retail firm is calculated by dividing the free cash flow ($50M) by the weighted average cost of capital (10%). This gives us an intrinsic value of $500 million. Since the firm has no debt, its intrinsic book value is equal to its intrinsic market value. If the growth rate had been zero instead of 6%, the intrinsic value would have been lower due to the reduced potential for growth. In that scenario, the intrinsic value would simply be the present value of free cash flow today discounted at the discount rate. With a growth rate of 4%, the intrinsic value would increase slightly compared with a 6% growth rate because the denominator would decrease less. Thus, the intrinsic value increases when growth decreases. Finally, since the market price of the share is only $20, which is much less than our calculated intrinsic value of $500 million, the stock appears to be significantly undervalued. We believe that this is the result",-0.019178781658411026
A SaaS company earned $80 million in EBITDA and has $20 million in net debt. Comparable companies trade at an average EV/EBITDA multiple of 12. What is the implied equity value of the business?,"What would be a fair valuation for the firm if it were to be acquired by a private-equity buyout fund that invests with a 25 PErcent IRR? Would you recommend a leveraged buyout or going public? Why? (Assume an appropriate discount rate of 9%.) Explain your assumptions, including whether we should adjust the earnings forecast for growth, as well as which assets are best suited to financing through leverage and why. Do you think there are any other alternatives available to this firm besides a LBO or IPO? If so, what would they be? Please answer these questions in writing but make sure not to include any numbers. Make sure to discuss how management's decision making could have potentially affected these valuations. Does this indicate that management was able to fairly value its business? If not, what did it do incorrectly? Does the firm's investment strategy affect the way you valued it? Explain. What would you recommend the firm's management do next? Should they work out a partnership with another private-equity firm to lower the risk of their new venture? Should they proceed to build the business from scratch again? Should they sell off their current assets to raise capital? What would you suggest to the investment bank analyst who recommended to the firm to pursue an IPO? Do you agree with her? Why or why not? Do you see any potential problems with the firm's strategy? How might they avoid those risks? Finally, do you think the proposed acquisition offers a good deal for the target firm? Why or why not? Does the acquiring firm have sufficient capital to finance such a transaction on a long-term basis? Is there room for further leverage? Do you think that the acquirer will have to pay back the loan? What would happen if he doesn't? Does this mean the acquisition will fail? Are the two firms likely to benefit from combining resources? In what ways? Explain your reasoning. Do you think the acquiring firm will earn higher profits after the merger than before? Will they produce more sales? Can the combined firm sustain its growth rates indefinitely? What are the most important factors that determine the success of a merger? Is this one likely to be successful? Why or why not? If not, what would be the consequences for the acquirer and the target? Explain. Does this case illustrate a typical scenario when mergers and acquisitions create value for both parties? Or does it seem like the benefits are only for one party? Which is it? What factors may cause such a discrepancy? Finally, do",-0.02356146275997162
"A logistics firm’s revenue has grown from $300 million to $375 million over the past three years, with stable EBITDA margins around 20%. If its cost of capital is 9% and growth is projected at 5%, how would you value this company using a terminal Gordon Growth approach?","Assume that the free cash flow available to equity holders will continue to grow by 5% per year for an indefinite period. Calculate the fair value of the company based on these estimates. What if the growth rate were zero? How does your valuation change if there are no growth prospects beyond year 4? Which assumptions do you think are most important for this valuation? Why? (Assume the beginning free cash flows to equity were $18 million in Year 1.) Would it make sense to use the dividend discount model rather than the free cash flow model? Discuss. (Use a beginning dividend payout ratio of 60% for all years.) Do you think the firm's return on assets and leverage are consistent with its current value? What could be the likely consequences for the market if management were to increase ROA or reduce leverage? Would the stock price have gone up or down? Is there any possibility that the market could have interpreted these changes as negative signals? Would a decrease in ROA or an increase in leverage have had similar effects? Explain. Would you be willing to pay more than the fair value we estimated earlier for this firm? Why or why not? Does the firm look like a good buy today? Should I buy it now? What factors should I consider when making my judgment? In which way do you think the analysis above might help you with your decision? Can you also discuss other possible models such as DCF models used for valuing companies? The question seems to be asking me to compare two ways to estimate fair value: one using the free cash flow model and another using the dividend discount model. However, the question also asks whether either of them would make sense given the information provided about the firm and its financials. As such, it is probably best to answer each part of the original question before moving on to the new topic that has just been introduced. Therefore, here are my thoughts regarding this question. First, the question wants us to calculate fair value using a terminal Gordon Growth model, so we need to know what our forecasted free cash flow to equity (FCFE) in Year 1 is. The question says that the initial free cash flow available to equity is equal to $18 million in Year 1, so that is easy enough to incorporate into our calculations. Next, the question tells us that growth is equal to 5%, so we can easily find the terminal value. To recap, this is the formula for computing the present value of a growing perpetuity: PV = C / (",0.020308997482061386
"A firm has projected free cash flows of $40M, $45M, $50M, $55M, and $60M over the next 5 years. Assuming a terminal growth rate of 4% and a WACC of 8%, calculate the present value of the business using a full DCF model.","If instead, you use a simplified DCF model where you simply discount all of these free cash flow values at the WACC, what is the resulting PV? What does this imply about the effect of growth on the terminal value? (Note: For simplicity's sake, assume that each free cash flow stream is not changed with growth.) Use a spreadsheet to perform your calculations. (See Table 2-1 for an example of how to set up a spreadsheet for a full DCF analysis.) The results of our calculation are presented in Table 2-2. Note that we computed the present value of the forecasted free cash flows as $230.96 M. Next we calculated the present value of the terminal value by computing one year of cash flow in Year 5 assuming 4% growth of the last year's forecasted free cash flow ($60 M), discounted back to Year 0, giving us a terminal value of $796.40 M. Finally, we added the two numbers together to get the total present value of the firm of $1,027.36 M. In contrast, if we were to discount all of the forecasted free cash flows directly at the WACC, we would be calculating a PV of $291.94 M. Thus, the difference between the two models stems from the fact that using a full DCF model, we considered the growth of the free cash flows over time when we discounted them back to today's date; however, when using the simplified model we did not consider growth. Therefore, the growth of free cash flows increases the present value of the project significantly because we effectively paid less for future cash flows which grow over time. This implies that, for a given growth rate, the higher the number of years into the future we are considering, the greater the increase in value from growth. Furthermore, it shows that growth in free cash flow can account for most of the difference between a firm's market price and its book value. However, the problem with the simplified DCF model is that it ignores the fact that the forecasts themselves have a value based upon their own growth rates. For instance, even though both of the forecasted free cash flows in Years 1 and 2 ($40 M and $45 M) are growing at a constant rate of 12.5%, they have different weights based on when they are received. The same principle applies to the other cash flow streams. To avoid this potential bias against",0.04277238994836807
"A retail company reports free cash flows of $25M, $28M, $31M, $34M, and $37M over the next five years. Assuming a terminal growth rate of 3% and a WACC of 9%, estimate the intrinsic value using a discounted cash flow model.","Round your answer to two decimal places. Do not include commas in your response. For example, if you believe the intrinsic value is $10,000.56, enter ""10000.56"" as your answer. No points will be awarded for incorrect rounding. If you have questions about this calculation, contact the course assistant. $ $ $ $ $ Terminal Value at Year 5: (Year 5 Free Cash Flow) x (1 + g) / (WACC - g) = $37M x 1.03 / (0.09 - 0.03) = $663.67M The Intrinsic Value equals the sum of discounted free cash flows plus the present value of the terminal value. To calculate the intrinsic value, we need to discount each year's free cash flow back to today. Intrinsic Value = PV(Year 1 FCF) + PV(Year 2 FCF) + PV(Year 3 FCF) + PV(Year 4 FCF) + PV(Year 5 FCF) + PV(Terminal Value). We use the following formula for the present value of each year's free cash flow. PV(Future Free Cash Flow) = Future Free Cash Flow / (1 + WACC)^t Where t represents the number of years until that future cash flow occurs. The present values can also be calculated by multiplying the free cash flow by the appropriate present value factors found on financial calculators or tables. Using these formulas with our estimates above, we find: PV(Year 1 FCF) = $25M / 1.09^1 = $22.94M PV(Year 2 FCF) = $28M / 1.09^2 = $23.49M PV(Year 3 FCF) = $31M / 1.09^3 = $24.52M PV(Year 4 FCF) = $34M / 1.09^4 = $25.68M PV(Year 5 FCF) = $37M / 1.09^5 = $26.93M PV(Terminal Value) = $663.67M / 1.09^5 = $457.74M Total Intrinsic Value = $22.9",0.03051122836768627
"An industrial firm has annual earnings of $120M and trades at a market cap of $1.8B. With a peer P/E ratio of 18 and $200M in net debt, assess whether the firm appears over- or undervalued using a simple relative valuation.","Is there any basis for concern about the accuracy of this assessment? What other factors could affect it? Provide an example of another industrial firm that would be similar to the target firm. Would you prefer to use a comparable analysis with more than one industry member? Why? What does your analysis suggest that the analyst should do next with regard to forecasting sales growth and exPEcted profits? Does your conclusion about the level of risk imply anything about the degree of uncertainty in forecasts of future profits? What is the impact on the analyst's judgment regarding these forecast targets if the analyst concludes that they are not very precise? Should the analyst consider incorporating such a judgment into his or her forecast? Explain how? If you had done a cash flow analysis, how would it have impacted your assessments? Explain why. Should the analyst incorporate a margin of safety into the investment recommendation? Explain why or why not. Would you recommend a specific investment rating (e.g., a ""buy,"" ""hold,"" or ""sell"")? Why? How would you justify it in terms of the financial information provided above? Should the analyst adjust the recommendation given in part d based on the presence of debt? Explain. What would be the effect of increasing leverage on the analyst's recommendation? What could cause the analyst to conclude that the debt financing of this firm is overleveraged? Explain. Can we think of any situations where a firm would benefit from having high levels of leverage? Explain. Can you think of any situations where leveraged firms might exhibit lower returns than unlevered firms? Explain. Is there a trade-off between return and risk? Explain. Do the financial metrics presented above provide sufficient support for our conclusion in part c? Explain. Under what circumstances might you want to modify the conclusions you reached in part e? Explain. Are you likely to make any adjustments to the PE multiple used in your relative valuation? Why or why not? What could cause you to believe that the P/E multiples of your comparables are inaccurate? Do you see any evidence in the financial statements of the target firm that suggests its P/E multiples are accurate? What could cause you to believe that the P/E multiples of the target firm are inaccurate? Explain. What would your adjusted estimate for this target firm's value be under each scenario? For both scenarios, would your adjusted estimate still indicate that the target firm is overvalued, undervalued, or fair valued? Explain. What are the implications of these different outcomes for the analyst's recommendation? Explain. Does this target firm appear to be a",-0.012852855026721954
"A SaaS company expects revenue to grow from $100M to $180M over five years, with EBITDA margins expanding from 20% to 30%. Using an EV/EBITDA exit multiple of 15x and a discount rate of 10%, perform an enterprise value analysis.","Calculate the intrinsic value of the business if its growth rates were constant at their current levels. Also calculate the intrinsic value using a terminal multiple of 16x. What is the difference in the two values? Why does it exist? Should this difference be incorporated into the valuation? Does it have any bearing on whether we should consider the firm as more or less attractive? Explain your answer.
4-7 The same SaaS firm discussed in Question 4-6 has a debt-to-equity ratio of 0.5x and a cost of debt of 5%. Using these numbers and the other estimates above, calculate the intrinsic value of the firm using the weighted average cost of capital model. How does it compare with the results you obtained in Question 4-6? If there are differences between the models, explain what causes them. Does the weighted average cost of capital model account for leverage better than the previous model? Does it yield higher or lower intrinsic value? Is this always the case? Why? Do you think one model yields a more accurate estimate of intrinsic value than the other? Explain your answer. What would be your recommendation regarding which model to use for valuation? Would that recommendation vary depending on the nature of the business? Does the cost of equity play a larger role in the valuation in one model rather than the other? Why? Which model do you think most accurately reflects how investors price firms? Explain your rationale.
4-8 You are considering investing in a biotechnology company that just reported its first positive clinical trial for a drug under development. The CEO tells you that the product will go through FDA approval next year. The firm currently reports revenues of zero, but once approved, it will generate $100M of revenue annually forever. Suppose that the CEO believes the probability of approval to be 80% (i.e., a 20% chance of failure). Assume that the risk-free rate is 5%, the market risk premium is 7%, and the beta of the company's stock is 1.5x. What is the intrinsic value of the biotech firm? Does your estimate seem reasonable? Why? Would you recommend investing in this biotech company? Would your recommendation change if the probabILity of approval was only 50%? Explain your rationale for each decision.
4-9 Consider a pharmaceutical company that has developed a new drug that may allow it to charge a much higher price than its competitors. However, due to regulatory constraints, the firm is not allowed to charge the",-0.014052284881472588
"A manufacturing firm generates $50M in free cash flow and is projected to grow that cash flow at 5% annually. If the company has $100M in cash, $150M in debt, and its WACC is 8%, calculate its equity value using a perpetuity growth model.","Assume the market risk premium is 7% and the risk-free rate is 4%. The market beta of the firm is estimated to be 2.0. Based on this information, what can you infer about the ratio of free cash flows to net income? Does the firm have a large capital gain component or a large capital loss component? What if the firm were to generate only $30M in free cash flow? How would your calculation change? Why? Does this suggest the use of an exPEcted dividend discount model? Explain. Do you see any potential problems with using either model for valuation? Are there other models that might provide more accurate estimates? What if the firm's growth rates declined steadily over time? Would it still be appropriate to use one of these models? Explain. Is a terminal multiple model likely to provide better results than a discounting model under those circumstances? Why? Which model do you prefer? Why? What are the advantages and disadvantages of each model? Does the level of firm risk affect the choice of model? Explain. Should the firm pay dividends now? Should it instead increase its investment in physical assets? Under which scenario should analysts focus their attention on future earnings rather than free cash flows? Explain. Does increasing physical asset investments lower the cost of capital? Explain. Does this increase the present value of free cash flows? Why or why not? What if the firm pays out all of its free cash flows as dividends? Does this create an incentive for managers to make suboptimal capital expenditures? Why or why not? Do we know whether these firms are likely to be successful? Why or why not? Can we estimate the probability of failure of new projects or capital expenditures? Do we need to include such probabilities when estimating the value of new projects? Explain. Are there any other factors that could influence the decision to invest in new physical assets? Explain. Do you think that the ability to achieve these target growth rates would be difficult? Would you predict that firms would have difficulty in meeting them? Why or why not? Do you think that these target growth rates are too high? Why or why not? Could the capital gains component be positive or negative? Would that require us to adjust our calculations accordingly? Would it also lead to a higher or lower value estimate? Why? Would it matter? Explain. What are some alternative ways of calculating the cost of capital? Discuss the pros and cons of each method. What impact does the estimation of tax risk have on the calculation of the weighted average cost of capital?",-0.028193436563014984
"A biotech company has no earnings but holds $300M in cash and expects to generate positive FCF starting at $20M in year 4, growing 10% annually. Using a 12% discount rate and assuming a 5% terminal growth rate, estimate the firm’s current value.","What is its debt-to-equity ratio? Assume that it pays off all of its debt with the proceeds from selling its cash balance. Does this seem reasonable? Why or why not? Discuss the assumptions made in your valuation model. Does your model incorporate any risk premium adjustments beyond those discussed? Do you think the model is conservative or aggressive? Is there any other information you would need in order to make an accurate evaluation? Estimate the market capitalization of the biotech firm using the models presented. Should the debt or equity portion be used for market cap purposes? If both are available, which one should be used? What do these estimates imply about investors’ expectations regarding the biotech's future growth potential? How do they compare to the industry average? If there is a clear divergence between these two ratios, what could be responsible for the difference? How might such differences influence valuation? What does this suggest about the firm's quality? What if the debt-to-equity ratio was less than one? Would the calculation be different? Why? Finally, discuss how these concepts apply to the valuation of firms outside of biotechnology, including high-technology companies like Intel and Microsoft. Do you think their valuations have been influenced by similar factors? Why or why not? What would you recommend as the best way to evaluate them? What if we want to estimate their intrinsic values rather than their market caps? Does that change our approach? Can we use the same formulas? Do we need to worry about differences in financial statements due to accounting rules adopted in the United States versus those used elsewhere in the world (e.g., Japan)? Does the ability to pay dividends help us differentiate between good and bad technology firms? What does the cash flow statement tell us about each firm? How can we better understand the cash flows from investing activities? Are the changes in accounts receivable and inventory indicative of good or poor management? Does that imply anything about the nature of the business itself? Do you think that a high payout ratio is appropriate for technology firms? In your opinion, do they have a high or low dividend yield? What do you think their cost of capital is? Does it differ across countries? What is the average level of debt financing for tech firms? Does it vary widely? Do you think that firms with higher leverage should earn more on the capital they raise because they have more exposure to interest rates? Or should they earn lower returns? If a tech firm shows very low profitability relative to its book value, does that mean that it is unprofitable or just underval",-0.015982214361429214
"A consumer goods company generates free cash flows of $45M annually and expects to grow at 4% per year. With a WACC of 8% and no debt, estimate the firm’s intrinsic value using the perpetuity growth method.","If the current market capitalization is $2 billion, what do you forecast for earnings next year? For book value? What discount rate should we use if the company has a long-term debt ratio of 0.3? Estimate the intrinsic market-to-book ratio if it uses a dividend payout ratio of 60%. Should the analyst use a higher or lower discount rate when estimating intrinsic value under a constant growth model than that used in the DCF model? Why? Would your answer be different if the company was expected to have a high growth phase followed by a stable growth phase? Would the analyst use a higher or lower risk premium when estimating the intrinsic value of a tech firm with a long-term growth rate of 12PErcent? Why? Can you think of any situations where the analysts would use the constant-growth model for forecasting even though they believe that growth will not continue indefinitely? Why would they want to do this? The following questions are related to the question above: Do you think it is possible to generate negative free cash flows without generating losses? Why? What would happen to the intrinsic value of such a firm as time moves forward? Why? Does the concept of intrinsic value imply that all values are exPEnded? How does the analyst avoid this pitfall? What is the effect of negative free cash flow on the intrinsic value? What could cause it? What is the difference between sustainable free cash flow and sustainable net income? Could the analyst estimate intrinsic value based on sustainable free cash flow? Why would they choose one over the other? Explain the differences among the three basic formulas for calculating the cost of equity. What factors influence the risk premium? Is it reasonable to assume that the cost of debt is zero? Under what circumstances can this assumption be made? Should the analyst adjust the WACC for the risk-free rate before the initial forecast? Why or why not? What is the fundamental difference between the two models? Which model is more likely to result in an accurate estimate? Under what conditions does one model dominate the other? What is the advantage of using the perpetual growth model over the discounted cash flow model? When might the analyst prefer to use the discounted cash flow model rather than the perpetual growth model? Under which model is the analyst less likely to need to make forecasts beyond the first few years of the forecast horizon? Why? What assumptions about future free cash flow do these two models require? Describe each model's sensitivity to changes in those assumptions. Which model is more sensitive? Why? Under what circumstances does the intrinsic value",-0.0013396432623267174
"A logistics firm earned $150M in net income last year and has 50M shares outstanding. If peer companies trade at a P/E of 20, estimate the firm’s fair market value and compare it to a current market price of $55 per share.","Assume no dividends are paid currently by the company. The analyst should consider three different scenarios: growth rate is zero (constant earnings), growth rate is one-half the current ROE (sustainable growth), and growth rate is equal to the current PE ratio times the return on equity. In each case, what do you find? Which scenario do you think best applies to the company's future? Why? Does this indicate that the market price is overvalued or undervalued today? What other factors might be important for estimating a firm's future growth potential? How might they affect your valuation? Do you see any problems with using these simple models? What can you learn from them anyway? How would you use them if you were making a purchase or sale recommendation? Would they help you estimate a ""fair"" price to pay for a stock, or should you use them only to assess whether a stock's current price is reasonable given its earnings stream? Are there any limits to how much you can rely on the DCF model when forecasting long-term earnings? Why do most analysts focus more on the present rather than on the distant future? Do these models suggest that the risk premium is higher today than it was five years ago? Why do you suppose that is true? What could you do to incorporate your judgment about long-run growth into a DCF analysis? Do these models make sense when valuing firms with negative earnings? For example, a firm may have negative free cash flow but still have a positive value because it has strong future earnings potential. Should such a firm receive a discount for not generating positive free cash flow now? If so, why? Should all current free cash flows be discounted back to their present values? Why? Can you explain why investors seem willing to pay high prices for some stocks with declining earnings? Is it due to high future earnings potential? Or is it due to an expectation that earnings will improve again in the future? Do you think that the DCF model is useful in situations like these? What alternative models do you recommend? How should these models be modified if a firm's earnings are negative or close to zero? Should we use terminal value or just a constant growth forecast? Do you think that the DCF method is appropriate when investing in a stock with an industry that grows very rapidly? For example, the tech or pharmaceutical industries may be able to earn substantial returns in the future. Should a DCF model include forecasts beyond five years? How far ahead? What could go wrong if the analyst makes projections too far out? Do",-0.02392585016787052
A healthcare company has projected EBITDA of $120M next year and peers trade at an average EV/EBITDA multiple of 13x. The company holds $40M in cash and has $90M in debt. Estimate the firm’s equity value using a relative valuation approach.,"Does this result make sense? Why or why not? (Assume no tax consequences from interest exPEnse.) What impact would incorporating leverage into the denominator have on your estimate? Explain briefly. (Assume that the company will pay out all earnings as dividends in one year, i.e., that it will not grow its dividend with a sustainable rate.) Suppose that you know that the firm is going to be acquired in two years for $500M. Do you think this information could affect your valuation calculation? If so, how? Explain briefly. Finally, what is the present value of the acquisition price given that today's market multiples imply a stock price of $800M? Assume the risk-free rate is 6% and there are no other cash flows beyond the acquisition date. Do you think this valuation makes sense? Briefly explain. In addition, compare this valuation with one where you incorporate growth rates and risk factors. Which one do you prefer? Why? Explain briefly.

We discussed in our previous discussion that if the target firm's debt-to-asset ratio was low, then an increase in leverage might have a very little effect on the levered beta and thus on the cost of equity. However, when debt is high, increasing leverage will increase both interest expense and financial risk, which may lead to an upward adjustment in the levered beta and in the cost of equity. To incorporate the impact of leverage on the cost of equity, we use a DCF model based on free cash flow to equity, which includes the impact of interest exPEnse. Using the DCF model, we can compute the present value of each of the unlevered free cash flows and discount them at the WACC, which already incorporates the cost of equity and the cost of debt. As such, this model calculates the value of the unlevered firm. Alternatively, if we want to incorporate the impact of leverage on the cost of equity, we can compute the present value of the levered free cash flows and discount them at the cost of equity. As such, this model calculates the value of the levered firm. Given these alternative approaches, we should always consider whether to use the capital-based (WACC) model or the equity-based (cost of equity) model depending on whether we want to calculate the value of the unlevered or the levered firm. This question addresses how to incorporate the effects of leverage into the DCF model. It also shows us that, in most cases, we can assume that",-0.0001624971628189087
"A media business projects free cash flows of $30M, $35M, $40M, $45M, and $50M over the next five years. Using a WACC of 10% and applying a terminal growth rate of 3%, calculate the firm’s enterprise value through a DCF.","The project will be terminated at year six when its free cash flow will equal zero because it is no longer feasible to use the same method of estimating free cash flows for that year. Calculate the fair market value of equity by subtracting debt from the enterprise value calculated above. Assume that net debt is zero. Finally, if the firm has outstanding stockholders' equity of $200M and total debt of $50M, estimate the price-to-book ratio of equity to determine the price of each share assuming that there are 8 million shares outstanding. (Round your intermediate calculations to two decimal places.) To calculate the present value factors, see Appendix A on the book's website. If you do not have access to these materials, refer to Table 6-5 in this chapter. Use the values in the table for all of your DCF calculations unless otherwise noted. Round your intermediate calculations to two decimal places. Enter your final answers rounded to two decimal places. For example, if your answer is 27.977, enter 28.00. Do not round until your final calculation. (If you did any rounding earlier during the process, you will likely end up with an answer slightly less than what would be obtained without rounding. However, the question says ""round your intermediate calculations,"" so we will proceed under that assumption.) Note: You can use the following information provided in Chapter 6 for your DCF analysis for parts (a) through (d): Year 1 Free Cash Flow (FCF) = Net Income - Net Capital ExPEnditures + Depreciation = ($6,431 m - $8,081 m + $1,000 m) = -$640 m. For part (e), using a terminal growth rate of 3%, the present value of the terminal value is estimated as follows: PV = TV / (WACC - g). Therefore, PV = ($1,520 m) / (10% - 3%) = $21,714 m. Then the NPV of the future free cash flows is the sum of the discounted free cash flows of $3,000 m + $3,500 m + $4,000 m + $4,500 m + $5,000 m + $21,714 m = $37,714 m. Since the present value factor for the first free cash",-0.023643359541893005
"A software firm expects earnings to reach $60M in year 5, and similar companies are trading at a forward P/E of 25. If the company has no debt and $25M in cash, estimate its present equity value assuming a discount rate of 9%.","What do you think about this approach? Why? What would happen if the analyst had assumed that the $25M in cash was available for investment rather than shareholder return? The analyst should have been more cautious with the assumption that the cash is readily available to distribute to shareholders. Cash held by firms is not always readily available. One reason is that firms tend to prefer to use their liquidity when there are positive net working capital opportunities (i.e., when they can invest idle cash into current assets). For example, a firm with excess cash may be able to invest it temporarily in receivables or inventory. Such an action will increase the value of the firm's assets and also its total cash flow from oPErations. However, such an investment will be unlikely to earn a return equal to the discount rate used to value the company. Thus, the analyst may assume that the $25M in cash is being invested. In that case, the analyst should adjust the terminal value as follows: Year 1 Cash Flow $3M; Year 2 Cash Flow $7M; Year 3 Cash Flow $8M; Year 4 Cash Flow $11M; Year 5 Cash Flow $15M; Year 6 onward Cash Flow $20M. The growth rate beyond Year 5 is estimated at 5% per year. The present value of these cash flows is computed using a discount rate of 9%, which results in the same amount of $150M. Therefore, the analyst may conclude that the firm's market cap is equal to $150M minus $25M (the present value of the investment) plus $25M (the value of the cash that the analyst believes the firm will distribute to shareholders), resulting in an estimate of the equity value of $150M. In reality, even if the analyst assumes that the excess cash is being invested in other assets, he should then calculate the appropriate discount rate to value the firm. This is necessary because the cash flows generated by the investment are different from those generated by the ordinary business operations. Therefore, the analyst must use a risk-adjusted discount rate for each stream of cash flows. However, for simplicity purposes, the analyst may ignore the distinction between cash flows from investing and operating activities and just discount all cash flows at the overall discount rate. The analyst also may have to make the assumption that the $25M of excess cash is not available for distribution. In this case, the analyst should compute",0.04250199347734451
A manufacturing firm retains 60% of its $80M annual earnings and has an ROE of 12%. Estimate its sustainable growth rate and discuss how this might influence a long-term DCF model.,"(Assume no debt financing.) [LO4] Using the above information, calculate: (a) Sustainable growth rate; and (b) Growth rate in intrinsic value if dividends increase at the sustainable growth rate. [LO5] Use the following data to estimate the cost of equity. The risk-free rate is 7%, the market premium is 9%, and the beta for the stock is 1.3. However, the stock has only been trading on the NYSE for three years. The PE ratio for similar stocks is 14.1. Compute the cost of equity using the dividend discount model. What does your answer tell you? Why? [LO1] Calculate the dividend payout ratio. [LO2] Calculate the return on equity and the sustainable growth rate. [LO3] Calculate the cost of equity. [LO4] Calculate the sustainable growth rate. [LO5] Calculate the intrinsic value of the company's shares today. Assume that there are one million shares outstanding. Also calculate the price-to-book ratio. Should investors purchase shares in this company? [LO6] Estimate the intrinsic value of the company's shares in two years from now if the growth rate increases to 15 PErcent next year, then decreases by 2 percentage points thereafter. Does the intrinsic value change much over time? [LO7] Discuss the implications of these estimates for investment strategy. In other words, should we focus on this company or perhaps on similar companies? Does it appear that management could grow its business indefinitely at the current growth rate? Would a low payout ratio be a good idea here? Explain why. [LO8] What factors would affect the accuracy of our analysis? For example, is it likely that we could achieve our forecasted growth rates? Can we estimate the appropriate risk-free rate and market premium accurately? Are there any oPErating risks we have not considered? How about changes in the capital structure? Which of these factors do you think will most impact our forecasts? [LO9] What is the role of accounting analysis in estimating the future prospects of firms? Which ratios were used? What did they indicate about the quality of the financial statements? Do you see any major red flags? If so, what are they? [LO10] How does the concept of sustainable growth differ from our discussion of high-growth firms? Is it possible for a firm with a constant growth rate to increase its dividends exPEnditures? If so, what are some examples? [LO11] What",-0.06129196658730507
"A telecom company has $500M in total assets and generates $1.2B in annual revenue. If its asset turnover ratio is above industry average but margins are compressed, evaluate how this impacts valuation using both the residual income model and traditional DCF.","Similarly, analyze what would happen to firm value if there were a substantial increase in both asset turnover and margins. Finally, discuss how the two models account for changes in the tax rate and interest rates over time. (Assume all other parameters remain constant.) Would you expect firms with higher leverage and lower capital intensity to have lower or higher growth rates? Why? What are three advantages of financial statements analysis over cash flow analysis when forecasting future earnings? What factors might cause managers to exPEct different dividend payout ratios for different PEriods ahead? When is an analyst's estimate of future earnings more likely to be accurate: during the fIRSt year of forecasts or during the last year? Does the growth rate affect the value of an investment in a firm with positive residual income? Explain. Does it matter if a firm reports abnormal ROE as residual income or abnormal net income? Explain. Assume that a firm has zero taxes and no debt. How does the firm's residual income change if it increases its depreciation rate? What about if it reduces its depreciation rate? Explain your answer. Do you think accounting standards should require firms to report their residual income? Should they also require firms to disclose their residual income forecast? Explain. A firm that is growing rapidly may not want to pay dividends because of the dilution risk it poses. On the other hand, a firm that is approaching bankruptcy may want to pay out large dividends to give senior bondholders a cushion. Can these two situations be reconciled? Explain. Suppose that a firm grows at 6 PErcent per year forever with no changes in either its beginning book equity, return on equity, or dividend payout ratio. If we use the residual income model to calculate a fair-value estimate of the stock price today, which PEriod of the firm's history do we assume the analyst to be evaluating: the PEriod when the firm will grow at 6 PErcent indefinitely, the current year, or some intermediary year between now and the PEriod of indefinite growth? Why? Evaluate the following statement: The residual income valuation model is similar to the free-cash-flow-to-equity model except that the model makes an implicit assumption about the growth rate after the forecast period. Do you agree? Why? Which model would provide a better estimate of the fair value of a firm with low growth rates? Why? Why is the residual income model useful only when the firm pays dividends? Does the residual income model work well with firms that do not pay dividends? Explain. Discuss the implications of",-0.05407176911830902
"A retail business recently restructured its capital with a 70/30 debt-to-equity ratio. Discuss how the new capital structure affects WACC and firm valuation, especially in light of rising interest rates and $25M in annual interest payments.","What are the benefits and drawbacks to restructuring? Does it warrant this amount of effort? Is there any alternative way to structure capital that would better balance the trade-off between the cost and risk of debt financing? If so, what is that alternative? Why do you recommend it? Does it make sense to increase leverage beyond this point? Why or why not? Does the current debt structure help or hinder growth opportunities for the firm? Does the firm have sufficient earnings power to support higher leverage? Can the firm offer investors returns equivalent to the cost of capital if the firm's return on assets exceeds the cost of debt? Does the firm have any other sources of financing that could be used instead of debt? If so, which one(s)? Do they add value? How can the firm's leverage level be adjusted without impairing profitability? Do you think that a change in leverage will affect investor confidence? Should the firm make changes in leverage or asset management strategies to make up for lower net income? Is the firm's target capital structure likely to change over time? Does the firm have a greater need to raise capital now than before? If so, does it have an excess of cash balances that it could use to reduce debt? Are management's goals realistic when setting out to increase leverage? Does management have a clear idea of how much additional debt they plan to issue? Can they sustain such a strategy for the foreseeable future? Does management have the necessary skills and resources to manage their debt burden? Does the firm have other financial constraints that may prevent them from raising more debt? Will their credit rating decline as leverage increases? Does the firm's credit rating allow them to borrow at reasonable rates? If not, should they increase leverage anyway? Would such a move result in a decline in share price? Do you think the firm's debt covenants limit their ability to take advantage of this opportunity? Does the firm face exPEctations that may cause problems if they take this approach? Finally, discuss the risks associated with increasing leverage. Are these risks worth the potential gains? Is it possible that the benefits of increasing leverage outweigh the costs? Do you think the firm has sufficient market power to sustain the increased leverage? Do you think that the firm will still achieve a positive ROE even after paying off all debt principal and interest? To what extent could the firm's growth prospects be affected by the increased leverage? What are the implications of restructuring in terms of corporate governance? Does management have enough control over the firm to ensure that they can pay off debt obligations? Does the board",-0.04146081209182739
"A REIT reports $100M in retained earnings and pays out 90% of its net income as dividends. Using the residual income valuation model, estimate equity value assuming a required return of 10% and a forecasted ROE of 11%.","What would be the effect on value if forecasted ROE increases to 12%? Would any difference exist if you used a terminal-value-based valuation method? Why or why not? [Assume that the REIT's growth rate is zero and that it has no debt.] Explain your answer. How does this illustrate the impact of financial leverage? Discuss how these models could be adapted for firms with debt, including a discussion of which of these models are more appropriate for valuation of such firms. Which do you think would be most appropriate for calculating fair value of a firm with low leverage? Why? For high leverage? Why? Does the use of a DCF model to determine fair value for a leveraged firm imply that all debt financing decisions have been accounted for? Why or why not? Discuss the implications of this assumption. In particular, what impact might the use of debt influence the analyst's interpretation of earnings before interest and taxes when compared with free cash flow (or other measures)? [See Chapters 7 and 8.].] TJX Holding Company Inc.'s balance sheet at year-end 20X6 is given below: Cash and equivalents $35M Receivables $46M Inventory $48M Other current assets $13M Total current assets $142M Fixed assets (gross) $252M Accumulated depreciation ($21M) Net fixed assets $231M Deferred tax asset $6M Other long-term assets $10M Total long-term assets $247M Total liabilities and equity $490M Assuming that TJX has a target leverage ratio of 0.4 times and that we forecast that the market value of its debt will increase by $30M over the next year, explain how you would calculate implied exPEctations of debt earnings, interest payments, and interest coverage, based on the following assumptions: (a) the firm's capital structure remains constant and (b) debt financing costs remain unchanged. Also compute ratios using the above assumptions and compare them with those derived from the balance sheet provided. Do these results suggest that the firm is achieving higher or lower returns than those required by its investors? Explain why. What would happen if you estimated future exPEctations of debt earnings, interest payments, and interest coverage under an alternative scenario where TJX maintains its current target leverage ratio but has increased the cost of debt by 1 PErcent? Again, compare these estimates with those based on the balance sheet. How",-0.02520601823925972
"A company has $300M in goodwill on its balance sheet and recently recorded a $50M impairment. How should this non-cash charge affect intrinsic valuation, and what adjustments, if any, should be made in a DCF or comparables analysis?","Does the fair value of the firm increase with the impairment? Why is there a difference between intrinsic value and market price following an impairment? What would you recommend to management after it announced the impairment? If another impairment were announced, how would your previous response change? What is your judgment regarding the future prospects of the impaired business? Why? What is the impact of a change in interest rate estimates on intrinsic value calculations? What is the effect of a lower beta estimate on the intrinsic value calculation? How does a higher tax rate influence intrinsic value estimates? Should we use historical capitalization rates for lease payments or cost of debt for oPErating leases in our DCF model? Do these choices have important implications for intrinsic value estimates? What are some examples of companies that could benefit from financing their working capital needs through accounts receivable securitization rather than traditional short-term debt? What are the major risks associated with such financing methods? What are some key differences between a buyout and a recapitalization? Which method do you think is more likely to result in successful integration? What advantages might a recapitalization offer over a buyout? What can a firm do to decrease its debt ratio? What kinds of assets will provide the most leverage? What types of financing should a firm avoid in order to keep a low debt ratio? Can a firm achieve a high ROE without significant financial leverage? Why or why not? What are the advantages and disadvantages of using the two-stage dividend discounting model as opposed to the three-stage model for estimating intrinsic value? Under what circumstances is the two-stage model superior? Under what conditions would the three-stage model better fit? What factors can make intrinsic valuation exPEnditures less effective? What are the consequences of failing to recognize an impairment? Under what conditions would the firm have been able to use its accounting earnings to finance new projects? If the firm had used net income to finance growth instead, how would intrinsic value change? In your view, would a firm's intrinsic value estimates be affected by whether it is using FIFO or LIFO inventory costing? Under which scenario would you feel the firm's intrinsic value was understated? What is the impact of a reduction in the number of outstanding shares on intrinsic value? If dividends were eliminated, how would intrinsic value change? Assume the same growth rate and discount rate but different payout ratios. Will the intrinsic value be affected? Why? What is the relationship between free cash flow to equity (FCFE) and dividends? What is the relationship between free cash flow to the firm (FC",-0.029449038207530975
